{
  "hash": "fa241063",
  "configHash": "f4f72f2c",
  "lockfileHash": "51c2947d",
  "browserHash": "f2d58bce",
  "optimized": {
    "@angular/common": {
      "src": "../../../../../node_modules/@angular/common/fesm2022/common.mjs",
      "file": "@angular_common.js",
      "fileHash": "f5bebcf6",
      "needsInterop": false
    },
    "@angular/core": {
      "src": "../../../../../node_modules/@angular/core/fesm2022/core.mjs",
      "file": "@angular_core.js",
      "fileHash": "60f3d885",
      "needsInterop": false
    },
    "@angular/forms": {
      "src": "../../../../../node_modules/@angular/forms/fesm2022/forms.mjs",
      "file": "@angular_forms.js",
      "fileHash": "b238e007",
      "needsInterop": false
    },
    "@angular/platform-browser": {
      "src": "../../../../../node_modules/@angular/platform-browser/fesm2022/platform-browser.mjs",
      "file": "@angular_platform-browser.js",
      "fileHash": "26b5de8e",
      "needsInterop": false
    },
    "@angular/router": {
      "src": "../../../../../node_modules/@angular/router/fesm2022/router.mjs",
      "file": "@angular_router.js",
      "fileHash": "ed7c4a07",
      "needsInterop": false
    }
  },
  "chunks": {
    "chunk-LWKVQYRO": {
      "file": "chunk-LWKVQYRO.js"
    },
    "chunk-6LWT3CD6": {
      "file": "chunk-6LWT3CD6.js"
    },
    "chunk-DWZ2RJXY": {
      "file": "chunk-DWZ2RJXY.js"
    }
  }
}