{
  "hash": "8bfb1d2a",
  "configHash": "a53876ef",
  "lockfileHash": "4aab4d0f",
  "browserHash": "57d57a74",
  "optimized": {
    "@angular/common": {
      "src": "../../../../../../node_modules/@angular/common/fesm2022/common.mjs",
      "file": "@angular_common.js",
      "fileHash": "97befbf3",
      "needsInterop": false
    },
    "@angular/common/http": {
      "src": "../../../../../../node_modules/@angular/common/fesm2022/http.mjs",
      "file": "@angular_common_http.js",
      "fileHash": "84be9655",
      "needsInterop": false
    },
    "@angular/core": {
      "src": "../../../../../../node_modules/@angular/core/fesm2022/core.mjs",
      "file": "@angular_core.js",
      "fileHash": "02b1cb57",
      "needsInterop": false
    },
    "@angular/platform-browser": {
      "src": "../../../../../../node_modules/@angular/platform-browser/fesm2022/platform-browser.mjs",
      "file": "@angular_platform-browser.js",
      "fileHash": "59a0f9d6",
      "needsInterop": false
    },
    "@angular/router": {
      "src": "../../../../../../node_modules/@angular/router/fesm2022/router.mjs",
      "file": "@angular_router.js",
      "fileHash": "21d8e1ed",
      "needsInterop": false
    }
  },
  "chunks": {
    "chunk-64PBJYDH": {
      "file": "chunk-64PBJYDH.js"
    },
    "chunk-MNCTB7KV": {
      "file": "chunk-MNCTB7KV.js"
    },
    "chunk-6CCXCDNG": {
      "file": "chunk-6CCXCDNG.js"
    },
    "chunk-W5QGBK3I": {
      "file": "chunk-W5QGBK3I.js"
    }
  }
}